Date,Open,High,Low,Close,Adj Close,Volume
4/23/2018,8.805,8.81,8.68,8.71,7.625257,19402600
4/24/2018,8.53,8.63,8.5,8.545,7.480807,19468600
4/25/2018,8.55,8.69,8.51,8.605,7.533334,14151800
4/26/2018,8.69,8.81,8.69,8.73,7.642766,9746400
4/27/2018,8.775,8.84,8.77,8.81,7.712805,9669800
4/30/2018,8.905,8.93,8.795,8.835,7.73469,11187400
5/1/2018,8.815,8.82,8.755,8.82,7.721559,6275800
5/2/2018,8.85,8.93,8.82,8.885,7.778463,14506800
5/3/2018,8.835,8.865,8.74,8.84,7.739067,6899400
5/4/2018,8.755,8.86,8.73,8.83,7.730313,9887600
5/7/2018,8.74,8.775,8.68,8.72,7.634013,11304000
5/8/2018,8.665,8.725,8.615,8.66,7.581485,5599400
5/9/2018,8.72,8.735,8.655,8.735,7.647142,4722000
5/10/2018,8.72,8.765,8.695,8.725,7.63839,6500400
5/11/2018,8.755,8.835,8.745,8.78,7.686538,6216400
5/14/2018,8.81,8.895,8.8,8.825,7.725934,7456800
5/15/2018,8.76,8.81,8.695,8.76,7.66903,4797800
5/16/2018,8.795,8.825,8.755,8.775,7.682161,4999400
5/17/2018,8.745,8.745,8.63,8.68,7.598994,7953800
5/18/2018,8.685,8.725,8.66,8.68,7.598994,7760200
5/21/2018,8.69,8.71,8.625,8.695,7.612125,7475000
5/22/2018,8.725,8.805,8.7,8.76,7.66903,9099000
5/23/2018,8.68,8.95,8.64,8.905,7.795972,21593200
5/24/2018,8.94,9.25,8.94,9.12,7.984196,26357000
5/25/2018,9.1,9.175,9.08,9.16,8.019215,8715600
5/29/2018,9.025,9.055,8.94,9,7.87914,12508000
5/30/2018,9.03,9.07,8.96,9.07,7.940423,10066800
5/31/2018,9.09,9.155,9.08,9.095,7.962308,11609800
6/1/2018,9.135,9.17,9.11,9.145,8.006082,6089400
6/4/2018,9.185,9.23,9.175,9.22,8.071744,4743000
6/5/2018,9.15,9.195,9.09,9.18,8.036724,6070400
6/6/2018,9.23,9.37,9.21,9.37,8.203061,6417200
6/7/2018,9.365,9.4,9.28,9.285,8.128648,6047600
6/8/2018,9.29,9.4,9.28,9.365,8.198685,7230600
6/11/2018,9.365,9.405,9.32,9.375,8.207438,5146000
6/12/2018,9.4,9.53,9.385,9.5,8.316871,7466200
6/13/2018,9.5,9.55,9.405,9.41,8.238079,9597600
6/14/2018,9.245,9.245,9.075,9.08,8.151446,11047200
6/15/2018,9.295,9.385,9.28,9.365,8.407303,11280400
6/18/2018,9.25,9.275,9.205,9.22,8.277133,10883200
6/19/2018,9.15,9.15,9.075,9.1,8.169403,15387000
6/20/2018,9.11,9.135,9.07,9.08,8.151446,7358200
6/21/2018,9.115,9.135,9.08,9.115,8.182869,7455600
6/22/2018,9.195,9.375,9.15,9.36,8.402813,16286600
6/25/2018,9.33,9.355,9.285,9.32,8.366904,9240800
6/26/2018,9.3,9.375,9.275,9.36,8.402813,8451400
6/27/2018,9.27,9.395,9.245,9.33,8.375882,13818000
6/28/2018,9.33,9.53,9.315,9.5,8.528498,15941000
6/29/2018,9.575,9.755,9.565,9.715,8.721511,19214800
7/2/2018,9.695,9.825,9.69,9.805,8.802305,9753600
7/3/2018,9.9,9.93,9.805,9.845,8.838215,7878400
7/5/2018,9.49,9.685,9.455,9.67,8.681112,21795200
7/6/2018,9.56,9.61,9.515,9.575,8.595828,13426600
7/9/2018,9.63,9.72,9.615,9.7,8.708045,13745400
7/10/2018,9.725,9.94,9.64,9.89,8.878614,17864000
7/11/2018,9.765,9.895,9.765,9.88,8.869637,15992400
7/12/2018,9.77,10.045,9.74,10.005,8.981854,28335600
7/13/2018,9.56,9.815,9.55,9.71,8.717022,27224000
7/16/2018,9.865,9.885,9.77,9.8,8.797818,14771800
7/17/2018,9.785,9.97,9.76,9.95,8.932479,12135400
7/18/2018,9.88,9.91,9.83,9.84,8.833727,5833800
7/19/2018,9.72,9.905,9.72,9.855,8.847192,14995000
7/20/2018,9.95,10.075,9.945,10.005,8.981854,10394600
7/23/2018,10.025,10.09,9.995,10.075,9.044696,6873400
7/24/2018,10.175,10.21,10.13,10.195,9.152426,8553200
7/25/2018,10.22,10.34,10.205,10.29,9.237709,7539200
7/26/2018,10.255,10.3,10.22,10.27,9.219754,9587400
7/27/2018,10.3,10.315,10.115,10.17,9.129981,8674800
7/30/2018,10.1,10.15,9.94,9.97,8.950434,14123200
7/31/2018,10.055,10.105,10.035,10.09,9.058163,16554000
8/1/2018,10.125,10.18,10.1,10.175,9.13447,9094000
8/2/2018,10.09,10.22,10.06,10.19,9.147936,14119600
8/3/2018,10.175,10.275,10.13,10.27,9.219754,8424400
8/6/2018,10.215,10.305,10.16,10.295,9.242197,6577600
8/7/2018,10.325,10.33,10.15,10.3,9.246685,9157800
8/8/2018,10.3,10.43,10.265,10.375,9.314015,7491200
8/9/2018,10.425,10.49,10.41,10.45,9.381349,5629600
8/10/2018,10.355,10.42,10.335,10.4,9.33646,4435400
8/13/2018,10.435,10.475,10.395,10.41,9.345438,4827600
8/14/2018,10.405,10.475,10.385,10.45,9.381349,5472800
8/15/2018,10.39,10.45,10.3,10.435,9.367881,6000200
8/16/2018,10.5,10.52,10.455,10.495,9.421746,6288200
8/17/2018,10.49,10.57,10.465,10.54,9.462143,7209600
8/20/2018,10.25,10.39,10.145,10.25,9.201799,12304800
8/21/2018,10.295,10.375,10.225,10.245,9.197311,8231200
8/22/2018,10.245,10.285,10.205,10.25,9.201799,10869000
8/23/2018,10.3,10.365,10.18,10.19,9.147936,11189200
8/24/2018,10.215,10.215,10.09,10.15,9.112027,7687000
8/27/2018,10.325,10.39,10.26,10.27,9.219754,7388600
8/28/2018,10.35,10.355,10.305,10.325,9.269129,7254000
8/29/2018,10.22,10.265,10.16,10.175,9.13447,12943200
8/30/2018,10.18,10.255,10.135,10.23,9.183844,9159000
8/31/2018,10.31,10.4,10.3,10.385,9.322994,6992200
9/4/2018,10.43,10.46,10.28,10.38,9.318504,12184400
9/5/2018,10.19,10.38,10.17,10.355,9.296062,12774400
9/6/2018,10.295,10.405,10.285,10.4,9.33646,7225000
9/7/2018,10.39,10.535,10.365,10.425,9.358902,10373600
9/10/2018,10.38,10.48,10.3,10.35,9.291574,8940600
9/11/2018,10.36,10.555,10.35,10.485,9.412767,8671800
9/12/2018,10.57,10.65,10.53,10.55,9.471122,4392500
9/13/2018,10.6,10.64,10.47,10.61,9.524983,9522300
9/14/2018,10.52,10.54,10.27,10.32,9.264641,10702000
9/17/2018,10.21,10.29,10.2,10.25,9.201799,7260000
9/18/2018,10.18,10.18,10.08,10.14,9.103048,6657600
9/19/2018,10.2,10.23,9.99,10.01,8.986342,11042600
9/20/2018,10.08,10.1,9.97,10.07,9.040207,9811500
9/21/2018,10.04,10.04,9.89,9.93,8.914524,7935600
9/24/2018,10.04,10.07,9.93,9.95,8.932479,12798900
9/25/2018,10.06,10.19,10.03,10.15,9.112027,10763500
9/26/2018,10.06,10.2,10.03,10.06,9.031229,6388300
9/27/2018,10.1,10.2,10.07,10.1,9.067139,8822100
9/28/2018,10.22,10.25,10.12,10.17,9.129981,9329800
10/1/2018,10.34,10.39,10.3,10.37,9.309528,7440100
10/2/2018,10.32,10.32,10.2,10.27,9.219754,9053800
10/3/2018,10.12,10.15,10.01,10.04,9.013275,10073600
10/4/2018,9.81,10.02,9.8,10,8.977366,14905600
10/5/2018,10.02,10.19,10.01,10.17,9.129981,8296800
10/8/2018,9.97,10.07,9.92,10.03,9.004296,9091600
10/9/2018,9.97,10.04,9.93,10.02,8.995318,8825600
10/10/2018,9.81,9.84,9.63,9.74,8.743954,23251500
10/11/2018,9.53,9.68,9.46,9.52,8.546452,18729300
10/12/2018,9.65,9.76,9.57,9.74,8.743954,11524500
10/15/2018,9.85,9.96,9.79,9.91,8.896568,17032800
10/16/2018,9.95,10.52,9.91,10.22,9.174867,27500700
10/17/2018,10.06,10.06,9.74,9.8,8.797818,20694700
10/18/2018,9.78,9.78,9.35,9.54,8.564406,21337000
10/19/2018,9.6,9.76,9.54,9.58,8.600316,8651900
10/22/2018,9.57,9.58,9.4,9.48,8.510542,9586300
10/23/2018,9.24,9.42,9.22,9.4,8.438723,10275200
10/24/2018,9.3,9.37,9.05,9.06,8.133493,11702500
10/25/2018,9.08,9.2,9.05,9.11,8.265045,9126200
10/26/2018,8.99,9.05,8.85,9.02,8.183393,8647400
10/29/2018,9.08,9.1,8.88,8.97,8.13803,9618300
10/30/2018,9.16,9.32,9.1,9.19,8.337625,13429500
10/31/2018,9.45,9.54,9.41,9.47,8.591655,9089200
11/1/2018,9.39,9.4,9.21,9.3,8.437423,12112500
11/2/2018,9.34,9.41,9.23,9.25,8.392059,8302600
11/5/2018,9.29,9.47,9.29,9.4,8.528146,9240100
11/6/2018,9.44,9.55,9.39,9.48,8.600726,6901300
11/7/2018,9.62,9.69,9.58,9.61,8.718669,6291500
11/8/2018,9.61,9.65,9.46,9.51,8.627944,5057100
11/9/2018,9.41,9.5,9.37,9.49,8.609799,5318600
11/12/2018,9.42,9.47,9.27,9.34,8.473712,7691300
11/13/2018,9.37,9.46,9.33,9.4,8.528146,5937800
11/14/2018,9.41,9.44,9.16,9.25,8.392059,5406400
11/15/2018,9.27,9.37,9.16,9.33,8.46464,7020900
11/16/2018,9.28,9.37,9.25,9.33,8.46464,4709700
11/19/2018,9.33,9.33,9.21,9.29,8.428349,6507000
11/20/2018,9.18,9.19,9.05,9.09,8.246898,7108500
11/21/2018,8.99,9.1,8.95,9.07,8.228754,7539300
11/23/2018,9.05,9.16,9.05,9.09,8.246898,3158400
11/26/2018,9.07,9.21,9.06,9.18,8.328551,6051900
11/27/2018,9.25,9.31,9.19,9.27,8.410203,5458600
11/28/2018,9.63,9.89,9.56,9.86,8.945482,13928900
11/29/2018,9.79,9.8,9.66,9.68,8.782178,12415800
11/30/2018,9.8,9.86,9.75,9.86,8.945482,10463200
12/3/2018,9.91,9.94,9.86,9.9,8.981771,13191200
12/4/2018,9.94,10.05,9.83,9.85,8.936409,9518900
12/6/2018,9.77,9.86,9.71,9.83,8.918263,17177400
12/7/2018,9.83,9.97,9.65,9.69,8.79125,11353200
12/10/2018,9.55,9.59,9.43,9.57,8.682378,7731000
12/11/2018,9.65,9.77,9.62,9.69,8.79125,7952700
12/12/2018,9.77,9.82,9.66,9.66,8.764031,5453300
12/13/2018,9.93,9.98,9.85,9.87,8.954554,7971700
12/14/2018,9.99,10.01,9.87,9.89,8.972699,7799600
12/17/2018,9.82,9.83,9.54,9.6,8.709597,10520400
12/18/2018,9.68,9.72,9.5,9.54,8.655161,9742500
12/19/2018,9.49,9.58,9.38,9.43,8.555365,8175400
12/20/2018,9.51,9.54,9.14,9.28,8.419276,23548800
12/21/2018,9.21,9.31,9.1,9.1,8.255972,15286200
12/24/2018,9.19,9.24,9.07,9.08,8.237825,8590700
12/26/2018,9.15,9.38,9.12,9.38,8.510002,9004200
12/27/2018,9.3,9.45,9.28,9.45,8.573509,9856500
12/28/2018,9.48,9.5,9.38,9.43,8.555365,6818500
12/31/2018,9.47,9.53,9.39,9.52,8.637016,7229400
1/2/2019,9.5,9.73,9.47,9.61,8.718669,9818900
1/3/2019,9.55,9.59,9.47,9.47,8.591655,9404900
1/4/2019,9.52,9.72,9.5,9.63,8.736814,7119000
1/7/2019,9.7,9.81,9.66,9.71,8.809394,7732700
1/8/2019,9.82,9.85,9.72,9.75,8.845684,9391600
1/9/2019,9.76,9.89,9.74,9.87,8.954554,9634300
1/10/2019,9.78,9.89,9.7,9.88,8.963627,13956500
1/11/2019,10.18,10.68,10.12,10.41,9.444469,40526400
1/14/2019,10.18,10.41,10.13,10.37,9.408179,34162200
1/15/2019,10.57,10.58,10.46,10.49,9.51705,12153400
1/16/2019,10.57,10.64,10.55,10.61,9.625917,12048400
1/17/2019,10.54,10.63,10.5,10.58,9.598702,9581000
1/18/2019,10.6,10.69,10.58,10.67,9.680354,10168700
1/22/2019,10.64,10.68,10.47,10.53,9.553339,10437700
1/23/2019,10.56,10.56,10.43,10.53,9.553339,8108100
1/24/2019,10.53,10.55,10.43,10.43,9.514116,6627700
1/25/2019,10.51,10.58,10.41,10.55,9.623578,8839100
1/28/2019,10.49,10.57,10.44,10.52,9.596212,5192200
1/29/2019,10.49,10.53,10.42,10.48,9.559724,8271100
1/30/2019,10.46,10.63,10.42,10.59,9.660064,7026000
1/31/2019,10.68,10.82,10.68,10.8,9.851624,10354900
2/1/2019,10.85,10.93,10.81,10.9,9.942842,6651300
2/4/2019,10.83,10.88,10.79,10.87,9.915477,7449000
2/5/2019,10.85,10.92,10.83,10.84,9.888112,6926300
2/6/2019,10.91,10.94,10.85,10.9,9.942842,5478400
2/7/2019,10.86,10.93,10.8,10.85,9.897233,7116200
2/8/2019,10.83,10.89,10.81,10.86,9.906356,4103300
2/11/2019,10.86,10.89,10.79,10.82,9.869867,5929600
2/12/2019,10.85,10.86,10.76,10.77,9.82426,6300600
2/13/2019,10.85,10.87,10.77,10.8,9.851624,9532300
2/14/2019,10.65,10.76,10.62,10.76,9.815137,8443400
2/15/2019,10.68,10.78,10.64,10.76,9.815137,9269100
2/19/2019,10.47,10.57,10.38,10.55,9.623578,13443300
2/20/2019,10.62,10.73,10.62,10.7,9.760405,6693600
2/21/2019,10.6,10.62,10.49,10.55,9.623578,6913200
2/22/2019,10.56,10.68,10.55,10.63,9.696552,4644600
2/25/2019,10.83,10.92,10.78,10.81,9.860745,7781200
2/26/2019,10.7,10.76,10.62,10.73,9.787771,6343700
2/27/2019,10.61,10.73,10.57,10.7,9.760405,6812900
2/28/2019,10.69,10.77,10.65,10.72,9.77865,6815000
3/1/2019,10.79,10.87,10.74,10.84,9.888112,8012100
3/4/2019,10.85,10.87,10.66,10.72,9.77865,5650900
3/5/2019,10.72,10.8,10.65,10.77,9.82426,5576000
3/6/2019,10.7,10.75,10.68,10.71,9.769527,6026600
3/7/2019,10.65,10.71,10.48,10.49,9.568847,8304200
3/8/2019,10.41,10.48,10.36,10.47,9.550603,6145300
3/11/2019,10.48,10.57,10.46,10.55,9.623578,5497300
3/12/2019,10.53,10.55,10.46,10.52,9.596212,9129600
3/13/2019,10.53,10.6,10.48,10.55,9.623578,10809900
3/14/2019,10.52,10.61,10.48,10.6,9.669188,5964500
3/15/2019,10.69,10.77,10.69,10.7,9.760405,7108200
3/18/2019,10.7,10.74,10.68,10.72,9.77865,5828700
3/19/2019,10.8,10.91,10.79,10.9,9.942842,7204100
3/20/2019,10.97,11.04,10.88,10.94,9.979331,7616300
3/21/2019,10.94,11.08,10.94,11.06,10.088793,5108000
3/22/2019,11.05,11.12,10.86,10.88,9.9246,8525300
3/25/2019,10.86,10.88,10.77,10.82,9.869867,7322400
3/26/2019,10.86,10.88,10.77,10.82,9.869867,4427200
3/27/2019,10.79,10.83,10.67,10.73,9.787771,5644900
3/28/2019,10.91,10.94,10.83,10.88,9.9246,5429900
3/29/2019,10.93,11.03,10.92,10.93,9.970209,5862300
4/1/2019,11.07,11.16,11.03,11.09,10.116158,5765400
4/2/2019,11.16,11.26,11.1,11.18,10.198256,7661600
4/3/2019,11.2,11.28,11.16,11.2,10.2165,7516300
4/4/2019,11.09,11.15,11,11.07,10.097915,5658700
4/5/2019,11.17,11.36,11.15,11.32,10.325962,9160300
4/8/2019,11.28,11.38,11.27,11.31,10.316841,4759200
4/9/2019,11.23,11.26,11.14,11.15,10.170889,15865500
4/10/2019,11.12,11.17,11.04,11.08,10.107037,15151400
4/11/2019,11.05,11.07,10.9,10.97,10.006697,19697600
4/12/2019,10.6,10.71,10.45,10.55,9.623578,27590500
4/15/2019,10.61,10.61,10.5,10.57,9.641821,15949200
4/16/2019,10.56,10.57,10.36,10.37,9.459384,21431800
4/17/2019,10.42,10.46,10.37,10.41,9.495872,10317700
4/18/2019,10.45,10.49,10.34,10.39,9.477627,18307000
4/22/2019,10.44,10.47,10.39,10.45,9.53236,7392500
4/23/2019,10.48,10.64,10.48,10.53,9.605333,13314800
4/24/2019,10.62,10.7,10.56,10.58,9.650944,12134700
4/25/2019,10.57,10.57,10.4,10.52,9.596212,7030200
4/26/2019,10.64,10.68,10.56,10.65,9.714796,5366900
4/29/2019,10.69,10.78,10.66,10.75,9.806015,6956900
4/30/2019,10.82,10.88,10.75,10.76,9.815137,8432300
5/1/2019,10.81,10.88,10.76,10.77,9.82426,9212300
5/2/2019,10.64,10.72,10.47,10.57,9.641821,12516500
5/3/2019,10.56,10.56,10.07,10.33,9.422894,30580400
5/6/2019,10.31,10.52,10.31,10.45,9.53236,13121800
5/7/2019,10.44,10.46,10.29,10.34,9.432018,13262100
5/8/2019,10.42,10.43,10.26,10.39,9.477627,11854500
5/9/2019,10.34,10.36,10.19,10.2,9.304313,18123600
5/10/2019,10.23,10.27,10.11,10.26,9.359043,19016300
5/13/2019,10.17,10.18,10.04,10.11,9.222215,13309000
5/14/2019,10.15,10.29,10.13,10.21,9.313434,5885600
5/15/2019,10.23,10.39,10.19,10.39,9.477627,11611400
5/16/2019,10.48,10.56,10.47,10.51,9.58709,8502800
5/17/2019,10.4,10.44,10.15,10.17,9.276947,12427600
5/20/2019,10.31,10.36,10.15,10.2,9.304313,17155700
5/21/2019,10.2,10.21,10.12,10.18,9.286069,13841200
5/22/2019,10.19,10.32,10.18,10.22,9.322555,8639200
5/23/2019,10.08,10.2,10.01,10.16,9.267824,6115600
5/24/2019,10.27,10.35,10.23,10.23,9.331676,10594200
5/28/2019,10.4,10.45,10.3,10.3,9.39553,13101000
5/29/2019,10.33,10.34,10.23,10.27,9.368164,9885000
5/30/2019,10.38,10.6,10.37,10.57,9.641821,9560600
5/31/2019,10.5,10.53,10.41,10.47,9.550603,8501000
6/3/2019,10.56,10.63,10.41,10.45,9.53236,16517600
6/4/2019,10.5,10.6,10.42,10.58,9.650944,8956200
6/5/2019,10.56,10.57,10.43,10.44,9.523236,7705300
6/6/2019,10.46,10.58,10.46,10.53,9.605333,5068500
6/7/2019,10.52,10.68,10.52,10.63,9.696552,4587400
6/10/2019,10.76,10.81,10.73,10.78,9.833379,6059100
6/11/2019,10.84,10.85,10.72,10.84,9.888112,6582600
6/12/2019,10.82,10.9,10.77,10.8,9.851624,7234800
6/13/2019,10.63,10.7,10.54,10.62,9.823874,11253600
6/14/2019,10.59,10.67,10.57,10.6,9.805373,4910900
6/17/2019,10.52,10.65,10.47,10.6,9.805373,5351000
6/18/2019,10.79,10.83,10.74,10.75,9.944128,9545700
6/19/2019,10.78,10.8,10.59,10.6,9.805373,17172400
6/20/2019,10.79,10.8,10.68,10.77,9.962628,14996300
6/21/2019,10.72,10.79,10.68,10.72,9.916377,8959000
6/24/2019,10.72,10.77,10.65,10.68,9.879375,6824800
6/25/2019,10.7,10.7,10.61,10.65,9.851624,8018600
6/26/2019,10.66,10.68,10.6,10.66,9.860875,4425400
6/27/2019,10.59,10.67,10.52,10.62,9.823874,7636900
6/28/2019,10.64,10.71,10.63,10.7,9.897876,6315300
7/1/2019,10.7,10.7,10.62,10.7,9.897876,8891900
7/2/2019,10.73,10.79,10.72,10.76,9.953379,7007200
7/3/2019,10.69,10.77,10.67,10.74,9.934878,6879500
7/5/2019,10.57,10.7,10.54,10.69,9.888624,18833300
7/8/2019,10.6,10.62,10.55,10.56,9.768372,13564300
7/9/2019,10.54,10.55,10.37,10.42,9.638865,23515700
7/10/2019,10.55,10.61,10.44,10.48,9.694368,14954300
7/11/2019,10.57,10.72,10.53,10.72,9.916377,15798500
7/12/2019,11.34,11.56,11.27,11.4,10.5454,41385700
7/15/2019,11.5,11.63,11.44,11.5,10.637903,13349700
7/16/2019,11.53,11.59,11.49,11.53,10.665654,8621500
7/17/2019,11.6,11.64,11.48,11.49,10.628653,9347900
7/18/2019,11.5,11.59,11.49,11.55,10.684155,9554000
7/19/2019,11.51,11.54,11.38,11.39,10.536151,10326900
7/22/2019,11.45,11.52,11.44,11.46,10.600903,6380400
7/23/2019,11.48,11.54,11.44,11.49,10.628653,6815600
7/24/2019,11.49,11.56,11.45,11.46,10.600903,9101500
7/25/2019,11.52,11.55,11.48,11.52,10.656404,7030300
7/26/2019,11.53,11.56,11.46,11.48,10.619403,4230100
7/29/2019,11.55,11.55,11.47,11.51,10.647156,6082600
7/30/2019,11.47,11.49,11.39,11.42,10.563901,5375600
7/31/2019,11.49,11.52,11.19,11.32,10.471397,20376600
8/1/2019,11.21,11.39,11.2,11.26,10.415895,9424600
8/2/2019,11.19,11.21,11.05,11.08,10.249389,10132700
8/5/2019,10.99,11.03,10.84,10.9,10.082883,7132500
8/6/2019,11.01,11.04,10.91,11,10.175387,15365300
8/7/2019,10.95,11.16,10.88,11.16,10.323392,14179700
8/8/2019,11.25,11.35,11.2,11.25,10.406645,11876300
8/9/2019,11.25,11.26,11.08,11.13,10.295642,6107900
8/12/2019,11.06,11.13,11.04,11.1,10.267892,4599900
8/13/2019,10.85,11.1,10.78,11.06,10.230889,12558600
8/14/2019,10.96,10.97,10.79,10.79,9.98113,8238800
8/15/2019,10.87,11.05,10.77,10.93,10.110635,14914000
8/16/2019,10.92,11.09,10.91,11.07,10.240139,9420600
8/19/2019,11.06,11.18,11.06,11.13,10.295642,11201500
8/20/2019,11.24,11.39,11.19,11.33,10.480648,13538500
8/21/2019,11.4,11.45,11.28,11.3,10.452897,7062900
8/22/2019,11.28,11.33,11.19,11.21,10.369644,6352600
8/23/2019,11.26,11.32,11.1,11.11,10.277141,8412800
8/26/2019,11.21,11.23,11.1,11.13,10.295642,6104400
8/27/2019,11.1,11.16,11.08,11.15,10.314141,6968800
8/28/2019,11.19,11.26,11.13,11.2,10.360394,5520600
8/29/2019,11.28,11.48,11.28,11.39,10.536151,10932700
8/30/2019,11.48,11.5,11.37,11.49,10.628653,7067000
9/3/2019,11.39,11.41,11.22,11.28,10.434396,9252700
9/4/2019,11.43,11.68,11.41,11.68,10.804411,18432500
9/5/2019,11.79,12.08,11.76,12.07,11.165174,25060600
9/6/2019,12.02,12.04,11.81,11.81,10.924666,10360200
9/9/2019,11.77,11.77,11.59,11.64,10.767408,6583300
9/10/2019,11.56,11.64,11.49,11.62,10.748908,9401500
9/11/2019,11.65,11.66,11.56,11.58,10.711907,9023800
9/12/2019,11.65,11.71,11.59,11.68,10.804411,7979500
9/13/2019,11.78,11.87,11.71,11.77,10.887666,9378200
9/16/2019,11.59,11.76,11.56,11.76,10.878413,8333600
9/17/2019,11.68,11.76,11.66,11.67,10.795161,8195500
9/18/2019,11.72,11.76,11.58,11.7,10.822911,8528000
9/19/2019,11.66,11.68,11.58,11.6,10.730409,8105000
9/20/2019,11.51,11.6,11.35,11.35,10.499148,14943600
9/23/2019,10.98,11.07,10.81,11,10.175387,18658500
9/24/2019,11.25,11.26,11.01,11.04,10.212388,14108100
9/25/2019,11.13,11.15,11.03,11.06,10.230889,17286800
9/26/2019,11.07,11.17,11,11.13,10.295642,9697400
9/27/2019,11.16,11.22,11.06,11.21,10.369644,10509800
9/30/2019,11.33,11.42,11.31,11.37,10.51765,12125900
10/1/2019,11.21,11.25,11.01,11.04,10.212388,10800900
10/2/2019,10.97,11.12,10.94,11.08,10.249389,8582600
10/3/2019,11.06,11.21,11.06,11.16,10.323392,7168100
10/4/2019,11.21,11.26,11.14,11.22,10.378894,7018000
10/7/2019,11.16,11.31,11.1,11.29,10.443647,8589300
10/8/2019,11.21,11.25,11.11,11.12,10.286391,9263600
10/9/2019,11.09,11.24,11.08,11.16,10.323392,8826400
10/10/2019,11.04,11.21,10.94,11.18,10.341892,13331900
10/11/2019,11.29,11.31,10.96,10.97,10.147635,31213600
10/14/2019,10.93,10.95,10.55,10.62,9.823874,36090800
10/15/2019,10.66,10.77,10.51,10.67,9.870126,41270700
10/16/2019,10.68,10.76,10.56,10.6,9.805373,29060900
10/17/2019,10.62,10.73,10.49,10.59,9.796122,37682300
10/18/2019,10.64,10.69,10.57,10.57,9.777621,22623800
10/21/2019,8.94,9.43,8.93,9.29,8.593576,77165400
10/22/2019,9.05,9.08,8.9,9.01,8.437194,48623900
10/23/2019,9.1,9.2,8.95,9.04,8.465285,25956700
10/24/2019,8.92,8.99,8.76,8.93,8.362281,28788000
10/25/2019,8.93,9.25,8.91,9.2,8.615114,23665400
10/28/2019,9.19,9.3,9.15,9.16,8.577658,11893500
10/29/2019,9.22,9.39,9.16,9.31,8.718122,24147000
10/30/2019,9.39,9.44,9.31,9.32,8.727486,14840500
10/31/2019,9.62,9.73,9.54,9.59,8.980322,30212200
11/1/2019,9.62,9.69,9.5,9.52,8.914771,10537300
11/4/2019,9.83,10.09,9.76,9.76,9.139511,21739400
11/5/2019,9.74,9.82,9.66,9.72,9.102056,11662500
11/6/2019,9.88,9.9,9.82,9.88,9.251885,12466800
11/7/2019,10.06,10.12,9.98,10.02,9.382983,12326100
11/8/2019,9.96,9.97,9.66,9.68,9.064601,32583800
11/11/2019,9.75,9.87,9.7,9.79,9.167606,16820700
11/12/2019,9.73,9.76,9.69,9.75,9.130148,9914300
11/13/2019,9.6,9.72,9.59,9.71,9.09269,9327100
11/14/2019,9.79,9.89,9.76,9.87,9.24252,6339100
11/15/2019,9.87,9.92,9.82,9.86,9.233155,9996700
11/18/2019,9.86,9.87,9.78,9.86,9.233155,10115400
11/19/2019,9.93,9.94,9.81,9.83,9.205063,13020000
11/20/2019,9.8,9.98,9.8,9.92,9.28934,8461600
11/21/2019,9.9,9.93,9.82,9.87,9.24252,4301600
11/22/2019,9.65,9.76,9.58,9.6,8.989685,23598600
11/25/2019,9.71,9.88,9.65,9.87,9.24252,16600800
11/26/2019,9.69,9.79,9.65,9.65,9.036505,20127900
11/27/2019,9.68,9.79,9.65,9.78,9.158242,8987600
11/29/2019,9.73,9.84,9.73,9.83,9.205063,4669500
12/2/2019,9.72,9.73,9.65,9.69,9.073963,9664000
12/3/2019,9.72,9.74,9.65,9.67,9.055234,4134300
12/4/2019,9.86,9.91,9.78,9.86,9.233155,8169800
12/5/2019,9.93,9.94,9.85,9.89,9.261249,6628000
12/6/2019,9.94,9.98,9.93,9.94,9.308068,3731800
12/9/2019,9.98,10.06,9.93,9.94,9.308068,6421400
12/10/2019,9.96,10.06,9.92,10.04,9.401712,12796700
12/11/2019,10.08,10.1,10.02,10.07,9.429804,14914900
12/12/2019,9.91,10.04,9.9,10.03,9.392346,9539700
12/13/2019,10.05,10.14,10.04,10.08,9.439169,8067400
12/16/2019,10.08,10.14,10.07,10.13,9.485991,7558000
12/17/2019,10.27,10.32,10.18,10.29,9.635818,15342000
12/18/2019,10.34,10.37,10.29,10.33,9.673274,10213900
12/19/2019,10.29,10.3,10.16,10.27,9.61709,7302800
12/20/2019,10.25,10.33,10.24,10.29,9.635818,6327100
12/23/2019,10.29,10.31,10.24,10.29,9.635818,3500900
12/24/2019,10.28,10.28,10.21,10.24,9.588998,1730800
12/26/2019,10.25,10.28,10.16,10.17,9.523447,5815700
12/27/2019,10.25,10.34,10.24,10.26,9.607726,8082900
12/30/2019,10.26,10.27,10.12,10.16,9.514083,6427000
12/31/2019,10.16,10.32,10.16,10.32,9.66391,5474500
1/2/2020,10.3,10.34,10.23,10.29,9.635818,5688000
1/3/2020,10.29,10.35,10.26,10.31,9.654548,6992200
1/6/2020,10.22,10.25,10.17,10.21,9.560905,10068900
1/7/2020,10.12,10.17,10.1,10.1,9.457897,10589100
1/8/2020,10,10.12,9.99,10.09,9.448534,13440400
1/9/2020,10.21,10.51,10.15,10.48,9.813738,28436900
1/10/2020,11.1,11.15,10.62,10.65,9.972932,30794600
1/13/2020,10.95,10.98,10.8,10.88,10.18831,13659600
1/14/2020,10.87,10.9,10.77,10.86,10.16958,15188300
1/15/2020,10.83,10.93,10.73,10.85,10.160217,11884300
1/16/2020,10.84,10.94,10.81,10.85,10.160217,8511200
1/17/2020,10.84,10.92,10.72,10.88,10.18831,6604300
1/21/2020,10.77,10.91,10.77,10.85,10.160217,15790000
1/22/2020,10.94,11.07,10.92,11.04,10.338137,22364600
1/23/2020,11.09,11.12,10.88,11.06,10.356867,27833700
1/24/2020,11.07,11.12,10.94,11.03,10.328773,21191300
1/27/2020,10.83,11.01,10.83,10.99,10.291315,13542100
1/28/2020,10.99,11.14,10.95,11.1,10.394323,15422800
1/29/2020,11.18,11.27,11.04,11.06,10.356867,19730500
1/30/2020,11,11.08,10.97,11.06,10.356867,10487100
1/31/2020,10.96,11,10.9,10.96,10.263223,24260300
2/3/2020,10.88,10.95,10.78,10.94,10.244494,11681900
2/4/2020,11.08,11.16,11.05,11.1,10.394323,7737200
2/5/2020,11.1,11.13,11.03,11.04,10.338137,10488300
2/6/2020,10.97,11.04,10.95,10.96,10.263223,16312500
2/7/2020,10.95,10.99,10.84,10.85,10.160217,8140300
2/10/2020,10.85,10.96,10.83,10.92,10.225767,4589700
2/11/2020,10.97,11.03,10.93,10.95,10.253859,6526500
2/12/2020,11.08,11.22,11.06,11.22,10.506695,9928100
2/13/2020,11.22,11.26,11.09,11.1,10.394323,9416900
2/14/2020,11.08,11.12,11.01,11.01,10.310046,5420300
2/18/2020,11.15,11.27,11.14,11.21,10.497331,8421200
2/19/2020,11.24,11.34,11.22,11.3,10.581608,7540600
2/20/2020,11.22,11.38,11.19,11.36,10.637794,11640000
2/21/2020,11.33,11.44,11.3,11.41,10.684615,10524200
2/24/2020,11.11,11.29,11.11,11.22,10.506695,11279100
2/25/2020,11.2,11.34,10.94,11.02,10.319409,20686000
2/26/2020,11.01,11.14,10.95,11,10.30068,16736100
2/27/2020,10.82,10.91,10.61,10.62,9.944839,23272000
2/28/2020,10.18,10.31,9.99,10.07,9.429804,21543200
3/2/2020,10.13,10.39,10.03,10.36,9.701368,16473900
3/3/2020,10.34,10.54,10.13,10.21,9.560905,12922700
3/4/2020,10.35,10.48,10.22,10.47,9.804375,12536000
3/5/2020,10.32,10.36,10.07,10.13,9.485991,12249800
3/6/2020,9.96,10.04,9.59,9.78,9.158242,15525700
3/9/2020,9.21,9.35,8.79,9.08,8.502743,12921200
3/10/2020,9.42,9.45,9.01,9.19,8.605749,21848100
3/11/2020,9.06,9.18,8.85,8.9,8.334186,24616200
3/12/2020,8.3,8.39,8,8.05,7.538225,17213700
3/13/2020,8.6,8.64,8,8.38,7.847245,35410600
3/16/2020,7.35,7.87,7.24,7.37,6.901456,19661600
3/17/2020,7.4,7.93,7.12,7.87,7.369668,20011000
3/18/2020,7.1,7.53,7.08,7.35,6.882727,25345100
3/19/2020,7.32,7.35,7.03,7.13,6.676714,13834300
3/20/2020,7.5,7.56,6.86,6.94,6.498793,22880400
3/23/2020,6.92,7.19,6.76,7.12,6.66735,26046500
3/24/2020,7.83,8.06,7.51,7.74,7.247933,20455100
3/25/2020,7.76,8.38,7.68,8.19,7.669325,22259700
3/26/2020,8.5,9.13,8.42,9.1,8.521471,29555000
3/27/2020,8.65,8.83,8.45,8.51,7.968981,23759500
3/30/2020,8.41,8.65,8.35,8.49,7.950252,13054500
3/31/2020,8.48,8.52,8.15,8.21,7.688053,20571700
4/1/2020,7.87,8.02,7.76,7.78,7.28539,15617300
4/2/2020,7.8,8.02,7.74,7.91,7.407125,7323600
4/3/2020,7.8,7.81,7.46,7.56,7.079377,15539600
4/6/2020,7.86,8.28,7.8,8.25,7.725511,16003400
4/7/2020,8.67,8.77,8.35,8.38,7.847245,15033000
4/8/2020,8.41,8.52,8.19,8.48,7.940888,13721300
4/9/2020,8.55,8.68,8.47,8.52,7.978344,9988000
4/13/2020,8.5,8.55,8.32,8.5,7.959616,5684500
4/14/2020,8.59,8.74,8.48,8.67,8.11881,7582100
4/15/2020,8.28,8.46,8.25,8.33,7.800423,8004400
4/16/2020,8.3,8.32,8.09,8.22,7.697417,9811400
4/17/2020,8.45,8.59,8.39,8.58,8.034531,14965900
4/20/2020,8.47,8.73,8.34,8.51,7.968981,9658400
4/21/2020,8.1,8.43,8.1,8.25,7.725511,9776700
4/22/2020,8.38,8.59,8.34,8.55,8.006438,9961600
4/23/2020,8.89,8.99,8.75,8.79,8.231178,11386000
4/24/2020,8.73,8.81,8.6,8.76,8.203088,7976800
4/27/2020,8.88,8.95,8.79,8.93,8.362281,5505300
4/28/2020,8.9,8.93,8.69,8.79,8.231178,9793600
4/29/2020,9.01,9.5,9,9.49,8.886678,20772500
4/30/2020,9.46,9.51,9.1,9.23,8.643207,13033600
5/1/2020,9.08,9.12,8.96,9.06,8.484015,5863600
5/4/2020,8.99,8.99,8.8,8.93,8.362281,8592000
5/5/2020,9.11,9.14,8.89,8.91,8.343553,5337700
5/6/2020,8.9,8.94,8.74,8.86,8.296729,5179400
5/7/2020,8.99,9.05,8.91,9.04,8.465285,7759400
5/8/2020,9.08,9.18,8.99,9.17,8.587022,8072000
5/11/2020,9.14,9.14,8.9,9,8.427829,6883800
5/12/2020,9.17,9.39,9.08,9.15,8.568293,14818900
5/13/2020,9.13,9.14,8.51,8.55,8.006438,25972500
5/14/2020,8.46,8.69,8.37,8.68,8.128173,14592500
5/15/2020,8.55,8.72,8.54,8.7,8.1469,6360300
5/18/2020,8.87,9.03,8.85,8.96,8.390372,9250200
5/19/2020,8.96,8.98,8.77,8.79,8.231178,12363000
5/20/2020,8.89,9.04,8.85,9,8.427829,10458500
5/21/2020,8.96,9.02,8.87,8.93,8.362281,11336400
5/22/2020,9.06,9.07,8.98,9.05,8.47465,5827800
5/26/2020,9.17,9.2,8.92,9.07,8.49338,8686400
5/27/2020,9.2,9.39,9.19,9.35,8.755578,10198100
5/28/2020,9.37,9.41,9.17,9.19,8.605749,12831000
5/29/2020,9.04,9.14,8.98,9.1,8.640885,7768600
6/1/2020,9.16,9.29,9.16,9.26,8.792811,3269200
6/2/2020,9.34,9.41,9.29,9.38,8.906756,6388700
6/3/2020,9.43,9.46,9.23,9.27,8.802306,13863000
6/4/2020,9.24,9.39,9.18,9.27,8.802306,15375600
6/5/2020,9.39,9.55,9.36,9.38,8.906756,8806000
6/8/2020,9.47,9.59,9.42,9.56,9.077676,11967900
6/9/2020,9.45,9.45,9.28,9.33,8.85928,8096900
6/10/2020,9.37,9.39,9.21,9.3,8.830793,12306300
6/11/2020,9.13,9.15,8.84,8.86,8.412992,10391500
6/12/2020,8.97,9.13,8.88,9.11,8.65038,6634900
6/15/2020,8.94,9.24,8.91,9.22,8.754829,7467600
6/16/2020,9.2,9.32,9.07,9.12,8.659875,15298100
6/17/2020,9.11,9.36,9.11,9.33,8.85928,15289000
6/18/2020,9.26,9.35,9.17,9.22,8.754829,8988700
6/19/2020,9.28,9.37,9.15,9.16,8.697856,8513200
6/22/2020,9.2,9.26,9.1,9.15,8.68836,7625100
6/23/2020,9.46,9.57,9.4,9.42,8.944738,8398100
6/24/2020,9.33,9.38,9.03,9.07,8.612397,13176300
6/25/2020,9.06,9.3,9.05,9.29,8.821298,8126100
6/26/2020,9.66,9.72,9.47,9.53,9.049189,14009200
6/29/2020,9.5,9.58,9.43,9.57,9.08717,7814800
6/30/2020,9.56,9.7,9.52,9.66,9.17263,10269600
7/1/2020,9.56,9.73,9.53,9.68,9.191623,12302500
7/2/2020,10,10.04,9.89,9.92,9.419514,12533400
7/6/2020,10.16,10.23,10.07,10.11,9.599927,8629600
7/7/2020,10.33,10.4,10.22,10.24,9.723369,17172600
7/8/2020,10.1,10.37,10.1,10.34,9.818322,15182500
7/9/2020,10.35,10.37,10.15,10.23,9.713872,9799800
7/10/2020,10.26,10.4,10.22,10.39,9.8658,7959000
7/13/2020,10.49,10.63,10.44,10.47,9.941764,13485700
7/14/2020,10.31,10.59,10.28,10.59,10.05571,13468400
7/15/2020,11.71,12.2,11.65,11.91,11.309113,34662300
7/16/2020,12,12.27,11.91,12.23,11.612967,21368700
7/17/2020,12.11,12.36,12.02,12.27,11.65095,20643000
7/20/2020,12.52,12.61,12.33,12.58,11.945311,16665600
7/21/2020,12.59,12.63,12.46,12.49,11.85985,14563100
7/22/2020,12.34,12.46,12.26,12.3,11.679437,10959500
7/23/2020,12.25,12.4,12.17,12.24,11.622464,11821600
7/24/2020,12.25,12.4,12.16,12.33,11.707922,8750200
7/27/2020,12.68,12.7,12.55,12.67,12.030769,6335100
7/28/2020,12.75,12.79,12.57,12.58,11.945311,9797300
7/29/2020,12.66,12.92,12.65,12.85,12.201688,13711300
7/30/2020,12.71,12.99,12.69,12.95,12.296641,10135600
7/31/2020,12.97,12.98,12.76,12.85,12.201688,8049700
8/3/2020,12.79,12.97,12.71,12.92,12.268155,8779600
8/4/2020,12.75,12.75,12.6,12.64,12.002283,9241900
8/5/2020,12.68,12.73,12.6,12.65,12.011777,9359800
8/6/2020,12.89,12.94,12.73,12.83,12.182696,9597900
8/7/2020,12.69,12.74,12.54,12.6,11.9643,10051700
8/10/2020,12.63,12.7,12.52,12.59,11.954805,7134300
8/11/2020,12.65,12.8,12.63,12.63,11.992787,7169100
8/12/2020,12.72,12.79,12.63,12.76,12.116229,8224800
8/13/2020,12.71,12.81,12.66,12.78,12.135219,8451400
8/14/2020,12.74,12.77,12.65,12.72,12.078247,7091800
8/17/2020,12.79,12.95,12.79,12.87,12.220678,6155300
8/18/2020,12.89,12.99,12.82,12.98,12.325128,5540700
8/19/2020,12.83,13.03,12.78,12.8,12.15421,5985500
8/20/2020,12.67,12.92,12.65,12.82,12.173201,6882100
8/21/2020,12.72,12.72,12.57,12.6,11.9643,9835700
8/24/2020,12.76,12.87,12.68,12.79,12.144713,9428400
8/25/2020,12.65,12.86,12.6,12.81,12.163707,6969300
8/26/2020,12.91,12.94,12.84,12.88,12.230174,4183300
8/27/2020,12.9,12.91,12.72,12.78,12.135219,4566200
8/28/2020,12.84,12.96,12.77,12.81,12.163707,7646900
8/31/2020,12.65,12.68,12.6,12.6,11.9643,6849000
9/1/2020,12.58,12.71,12.53,12.67,12.030769,5259700
9/2/2020,12.74,12.75,12.65,12.73,12.087742,5592400
9/3/2020,12.72,12.73,12.39,12.47,11.84086,10269900
9/4/2020,12.53,12.56,12.2,12.44,11.812373,8113900
9/8/2020,12.5,12.73,12.5,12.67,12.030769,12523700
9/9/2020,12.64,12.8,12.64,12.75,12.106732,8273900
9/10/2020,12.8,12.87,12.59,12.6,11.9643,6190200
9/11/2020,12.8,12.88,12.68,12.76,12.116229,6581600
9/14/2020,13.18,13.29,13.11,13.24,12.572011,8960900
9/15/2020,13.32,13.49,13.31,13.34,12.666966,6924000
9/16/2020,13.54,13.74,13.54,13.56,12.875866,9852400
9/17/2020,13.6,13.7,13.51,13.67,12.980318,7972500
9/18/2020,13.57,13.64,13.44,13.5,12.818893,9845100
9/21/2020,13.51,13.62,13.41,13.61,12.923343,7650300
9/22/2020,13.61,13.85,13.58,13.84,13.14174,6974600
9/23/2020,13.77,13.81,13.56,13.59,12.904353,7495000
9/24/2020,13.12,13.2,13.02,13.05,12.391597,8873500
9/25/2020,13.47,13.58,13.3,13.57,12.885362,7882000
9/28/2020,13.67,13.71,13.6,13.63,12.942335,5855400
9/29/2020,13.64,13.69,13.49,13.56,12.875866,7928900
9/30/2020,13.58,13.94,13.56,13.81,13.113254,14130900
10/1/2020,13.84,13.9,13.71,13.76,13.065776,5418500
10/2/2020,13.69,13.74,13.57,13.67,12.980318,7740400
10/5/2020,14.17,14.2,14.02,14.05,13.341145,10194400
10/6/2020,14.14,14.19,13.89,13.89,13.189218,11187800
10/7/2020,14.31,14.58,14.29,14.54,13.806423,18332700
10/8/2020,14.84,14.9,14.72,14.8,14.053306,11197000
10/9/2020,14.97,15.26,14.92,15.2,14.433125,8471800
10/12/2020,15.35,15.6,15.31,15.55,14.765466,17959500
10/13/2020,15.61,15.81,15.58,15.72,14.926889,14513000
10/14/2020,16.01,16.620001,15.97,16.360001,15.5346,26818600
10/15/2020,15.18,15.3,15.12,15.26,14.490097,16033700
10/16/2020,15.43,15.57,15.43,15.51,14.727484,13317600
10/19/2020,15.37,15.42,15.12,15.14,14.376152,28085300
10/20/2020,15.32,15.4,15.25,15.37,14.594546,14350400
10/21/2020,15.5,15.65,15.3,15.34,14.56606,13686700
10/22/2020,15.28,15.38,15.13,15.35,14.575557,6873600
10/23/2020,15.15,15.3,15.13,15.22,14.60819,7125700
10/26/2020,15.02,15.09,14.85,14.92,14.32025,9727200
10/27/2020,14.8,14.9,14.71,14.85,14.253063,9214500
10/28/2020,14.5,14.55,14.29,14.38,13.801955,11488500
10/29/2020,14.46,14.46,14.21,14.28,13.705976,11173300
10/30/2020,14.23,14.28,14.05,14.27,13.696379,9171900
11/2/2020,14.36,14.44,14.17,14.25,13.677182,5958100
11/3/2020,14.23,14.46,14.2,14.3,13.725172,4398900
11/4/2020,14.66,14.86,14.62,14.68,14.089896,5624600
11/5/2020,14.93,15.05,14.86,15.01,14.406631,6133400
11/6/2020,15.07,15.14,14.82,14.93,14.329847,5514900
11/9/2020,15.35,15.41,14.83,14.83,14.233867,6601300
11/10/2020,14.54,14.61,14.4,14.54,13.955524,6081300
11/11/2020,14.85,15.09,14.83,15.09,14.483415,8851700
11/12/2020,14.84,15.16,14.84,14.95,14.349043,15504200
11/13/2020,15.01,15.29,14.98,15.29,14.675376,7086500
11/16/2020,15.29,15.53,15.27,15.46,14.838542,7321200
11/17/2020,15.16,15.35,15.13,15.28,14.665777,12855000
11/18/2020,15.16,15.2,14.98,14.99,14.387435,7971200
11/19/2020,14.93,14.93,14.76,14.83,14.233867,5856300
11/20/2020,14.98,15.04,14.9,14.91,14.310651,4172000
11/23/2020,15.3,15.39,15.23,15.38,14.761757,5346400
11/24/2020,15.52,15.6,15.45,15.53,14.905727,12677400
11/25/2020,15.16,15.26,15.04,15.1,14.493013,5194100
11/27/2020,15,15.11,14.89,14.92,14.32025,4397900
11/30/2020,14.91,15.24,14.84,15.22,14.60819,9652400
12/1/2020,15.49,15.51,15.32,15.38,14.761757,8176000
12/2/2020,15.53,15.56,15.27,15.41,14.790552,7482800
12/3/2020,15.3,15.32,15.17,15.24,14.627385,13907300
12/4/2020,15.42,15.76,15.41,15.75,15.116884,8994600
12/7/2020,15.64,15.73,15.55,15.62,14.99211,5835700
12/8/2020,15.7,16.030001,15.66,16.01,15.366433,11478600
12/9/2020,16.059999,16.09,15.46,15.53,14.905727,13918100
12/10/2020,15.66,15.7,15.47,15.5,14.876935,10106200
12/11/2020,15.61,15.8,15.61,15.74,15.107285,7196400
12/14/2020,15.67,15.75,15.65,15.66,15.030501,5500900
12/15/2020,15.63,15.74,15.49,15.61,14.982512,14062300
12/16/2020,15.69,15.75,15.53,15.66,15.030501,7215800
12/17/2020,15.75,16.35,15.73,16.209999,15.558392,8951800
12/18/2020,16.18,16.26,16.110001,16.219999,15.56799,7731400
12/21/2020,15.91,15.94,15.78,15.93,15.289648,4495200
12/22/2020,16.389999,16.74,16.360001,16.58,15.91352,6714400
12/23/2020,16.9,16.93,16.57,16.59,15.923118,5913500
12/24/2020,16.68,16.690001,16.52,16.6,15.932716,1320600
12/28/2020,16.73,16.84,16.719999,16.77,16.095882,4239300
12/29/2020,16.9,16.9,16.67,16.76,16.086285,8473700
12/30/2020,16.870001,17,16.83,16.93,16.249453,3877200
12/31/2020,17.01,17.030001,16.889999,16.950001,16.268646,3693700
1/4/2021,17.389999,17.43,17.059999,17.25,16.556587,12597600
1/5/2021,17.32,17.67,17.32,17.65,16.940508,8109900
1/6/2021,17.4,17.790001,17.34,17.73,17.017292,9136300
1/7/2021,17.360001,17.549999,17.26,17.549999,16.844526,10272000
1/8/2021,18.07,18.610001,18.02,18.59,17.842724,17802400
1/11/2021,18.68,18.860001,18.549999,18.76,18.00589,12220600
1/12/2021,18.92,18.940001,18.540001,18.6,17.852324,10629100
1/13/2021,19.030001,19.07,18.4,18.43,17.689156,18409900
1/14/2021,18.57,18.65,18.139999,18.219999,17.487597,13286100
1/15/2021,18.190001,18.379999,18.110001,18.17,17.439606,7443000
1/19/2021,18.08,18.18,17.950001,18.120001,17.391617,7179600
1/20/2021,18.370001,18.469999,18.290001,18.4,17.66036,5408500
1/21/2021,18.389999,18.4,18.15,18.200001,17.468403,7963400
1/22/2021,18.23,18.27,18.059999,18.18,17.449205,5663500
1/25/2021,18.15,18.219999,17.84,17.92,17.199657,6012600
1/26/2021,17.92,17.92,17.75,17.85,17.132471,5472600
1/27/2021,17.65,17.889999,17.440001,17.469999,16.767744,11388300
1/28/2021,17.459999,17.75,17.41,17.639999,16.93091,7877600
1/29/2021,17.16,17.23,16.879999,16.879999,16.20146,9671400
2/1/2021,17.190001,17.42,17.049999,17.379999,16.68136,5829200
2/2/2021,17.450001,17.51,17.34,17.440001,16.738951,4119800
2/3/2021,17.6,17.75,17.49,17.65,16.940508,4677800
2/4/2021,17.540001,17.639999,17.360001,17.59,16.882919,4439600
2/5/2021,17.5,17.65,17.389999,17.629999,16.921312,6952900
2/8/2021,17.99,18.01,17.809999,17.959999,17.238047,3621600
2/9/2021,17.860001,17.879999,17.629999,17.639999,16.93091,7973500
2/10/2021,17.82,17.82,17.42,17.5,16.796539,13180500
2/11/2021,17.65,17.92,17.629999,17.83,17.113274,6324400
2/12/2021,17.9,18.16,17.889999,18.07,17.343626,9810300
2/16/2021,17.83,17.9,17.66,17.75,17.036488,5857800
2/17/2021,17.620001,17.719999,17.48,17.6,16.892517,8422200
2/18/2021,17.68,17.83,17.59,17.83,17.113274,12267700
2/19/2021,17.860001,17.99,17.85,17.940001,17.218851,8937800
2/22/2021,17.530001,17.68,17.5,17.610001,16.902117,10941900
2/23/2021,17.440001,17.5,17.15,17.379999,16.68136,8335700
2/24/2021,17.49,17.75,17.299999,17.68,16.969301,8022800
2/25/2021,17.549999,17.709999,17.290001,17.389999,16.690958,7412800
2/26/2021,17.200001,17.290001,16.940001,17.120001,16.431814,7422400
3/1/2021,17.42,17.67,17.379999,17.66,16.950106,7592500
3/2/2021,17.92,18.09,17.790001,18.02,17.295637,10306600
3/3/2021,18.41,18.610001,18.110001,18.459999,17.717949,22911800
3/4/2021,18.290001,18.68,18.01,18.17,17.439606,11867600
3/5/2021,18.25,18.299999,17.84,18.280001,17.545185,8946500
3/8/2021,18.290001,18.41,17.98,17.98,17.257242,8450900
3/9/2021,18.440001,18.629999,18.370001,18.6,17.852324,7090100
3/10/2021,18.790001,18.799999,18.57,18.68,17.929106,7418300
3/11/2021,18.91,19.16,18.85,19.08,18.313025,5679200
3/12/2021,18.799999,18.92,18.75,18.91,18.14986,7452500
3/15/2021,18.91,19.16,18.85,19.15,18.380213,5134500
3/16/2021,19.219999,19.370001,19.16,19.33,18.552977,7418200
3/17/2021,19.190001,19.200001,18.85,19.1,18.332222,9004400
3/18/2021,18.67,18.73,18.35,18.379999,17.641163,9617900
3/19/2021,18.559999,18.790001,18.389999,18.75,17.996292,17303400
3/22/2021,18.959999,19.18,18.799999,19.07,18.303427,6428000
3/23/2021,18.950001,18.950001,18.700001,18.709999,17.957899,8851000
3/24/2021,18.74,18.84,18.58,18.66,17.909908,8412700
3/25/2021,18.469999,18.559999,18.25,18.459999,17.717949,6647900
3/26/2021,18.530001,18.719999,18.299999,18.719999,17.967497,13425300
3/29/2021,18.700001,18.74,18.360001,18.43,17.689156,8066300
3/30/2021,18.790001,18.91,18.75,18.799999,18.044281,7845100
3/31/2021,18.75,18.83,18.66,18.719999,17.967497,8991400
4/1/2021,18.92,19.040001,18.870001,19.01,18.245842,4213100
4/5/2021,19.26,19.389999,19.15,19.370001,18.59137,3919100
4/6/2021,19.33,19.41,19.309999,19.34,18.562574,4428600
4/7/2021,19.33,19.33,19.16,19.209999,18.437799,4643600
4/8/2021,19.379999,19.4,19.209999,19.32,18.543379,3862300
4/9/2021,19.35,19.559999,19.34,19.540001,18.754538,5214200
4/12/2021,19.129999,19.219999,19,19.120001,18.351419,8059200
4/13/2021,18.780001,18.889999,18.4,18.41,17.66996,11356300
4/14/2021,17.5,17.879999,17.24,17.309999,16.614176,16177500
4/15/2021,18.02,18.129999,17.870001,18,17.27644,13117600
4/16/2021,18.17,18.549999,18.049999,18.18,17.449205,15005500
4/19/2021,18.15,18.290001,18.059999,18.26,17.52599,5469500
4/20/2021,18.07,18.110001,17.9,18.030001,17.305237,6985200
4/21/2021,17.98,18.200001,17.91,18.1,17.372421,7225100
4/22/2021,18.040001,18.059999,17.809999,17.85,17.132471,9373800
4/23/2021,17.809999,17.959999,17.77,17.889999,17.170862,4617800
4/26/2021,17.98,18.01,17.84,18.01,17.286039,5313100
4/27/2021,18.09,18.120001,17.93,18.110001,17.382019,5042200
4/28/2021,18.15,18.360001,18.15,18.23,17.497194,5157000
4/29/2021,18.4,18.459999,18.27,18.459999,17.717949,6545400
4/30/2021,18.26,18.370001,18.08,18.08,17.353224,7073500
5/3/2021,18.25,18.27,18.15,18.200001,17.468403,3800500
5/4/2021,18,18.110001,17.92,18.110001,17.382019,4087700
5/5/2021,18.309999,18.34,18.15,18.290001,17.554785,3762400
5/6/2021,18.35,18.620001,18.32,18.6,17.852324,10426600
5/7/2021,18.620001,18.65,18.379999,18.379999,17.641163,5220800
5/10/2021,18.299999,18.440001,18.27,18.360001,17.621967,9179500
5/11/2021,18.129999,18.200001,18.02,18.190001,17.458803,3729400
5/12/2021,18.049999,18.16,17.809999,17.84,17.122873,5670600
5/13/2021,17.91,18.059999,17.83,17.879999,17.161264,6264900
5/14/2021,18.02,18.18,17.98,18.16,17.430008,3293200
5/17/2021,18.18,18.219999,18.1,18.17,17.439606,2734500
5/18/2021,18.32,18.48,18.26,18.26,17.52599,5303000
5/19/2021,18.190001,18.450001,18.18,18.440001,17.698755,4322700
5/20/2021,18.440001,18.690001,18.43,18.65,17.900311,7019600
5/21/2021,18.799999,18.83,18.700001,18.719999,17.967497,6448300
5/24/2021,18.65,18.709999,18.610001,18.67,17.919508,3840400
5/25/2021,18.85,18.940001,18.709999,18.73,17.977095,7172000
5/26/2021,19.18,19.360001,19.120001,19.26,18.48579,3753500
5/27/2021,19.41,19.48,19.370001,19.370001,18.59137,2931900
5/28/2021,19.290001,19.41,19.24,19.34,18.756239,2151400
6/1/2021,19.17,19.33,19.110001,19.27,18.688351,9107300
6/2/2021,19.09,19.290001,19.08,19.290001,18.707747,6886400
6/3/2021,19.18,19.26,19.09,19.139999,18.562273,5827400
6/4/2021,19.209999,19.290001,19.08,19.290001,18.707747,6484000
6/7/2021,19.290001,19.48,19.219999,19.4,18.814426,10765100
6/8/2021,19.58,19.65,19.389999,19.5,18.911407,7916900
6/9/2021,19.5,19.700001,19.5,19.66,19.066578,4972800
6/10/2021,19.780001,19.91,19.719999,19.889999,19.289635,6716400
6/11/2021,19.99,20.549999,19.92,20.540001,19.920017,14076000
6/14/2021,20.360001,20.6,20.309999,20.450001,19.832733,10214000
6/15/2021,20.639999,20.639999,20.209999,20.23,19.619373,7477400
6/16/2021,20.41,20.5,20.299999,20.379999,19.764845,5797500
6/17/2021,20.469999,20.74,20.42,20.67,20.046093,8568500
6/18/2021,20.59,20.639999,20.16,20.190001,19.580582,11423400
6/21/2021,20.379999,20.540001,20.309999,20.530001,19.910318,4007600
6/22/2021,20.5,20.780001,20.41,20.76,20.133375,5596100
6/23/2021,20.549999,20.709999,20.52,20.690001,20.065491,5710100
6/24/2021,21.35,21.450001,21.190001,21.190001,20.550396,5937000
6/25/2021,21.43,21.51,21.129999,21.25,20.608585,5249200
6/28/2021,21.370001,21.5,21.200001,21.290001,20.647379,4669000
6/29/2021,21.309999,21.5,21.219999,21.450001,20.802549,4748600
6/30/2021,21.41,21.43,21.17,21.190001,20.550396,6493500
7/1/2021,21.18,21.24,20.84,20.959999,20.327337,4670600
7/2/2021,21.1,21.15,21.02,21.07,20.434019,4908600
7/6/2021,21.030001,21.110001,20.98,21.110001,20.472813,5728600
7/7/2021,21.200001,21.23,20.959999,21.18,20.540697,4256200
7/8/2021,20.870001,20.950001,20.75,20.950001,20.317642,5439400
7/9/2021,21.07,21.34,20.99,21.34,20.695869,4808400
7/12/2021,21.049999,21.110001,21.01,21.049999,20.414621,5247100
7/13/2021,20.9,21.09,20.879999,21.049999,20.414621,8872500
7/14/2021,21.530001,21.870001,21.280001,21.389999,20.744358,6837200
7/15/2021,21.34,21.4,21.07,21.129999,20.492207,5026900
7/16/2021,21.08,21.200001,20.799999,20.860001,20.230358,10653200
7/19/2021,20.620001,20.77,20.5,20.639999,20.016996,6212800
7/20/2021,20.74,21.02,20.74,20.940001,20.307943,3727700
7/21/2021,20.98,21.32,20.940001,21.309999,20.666775,4023500
7/22/2021,21.450001,21.49,21.309999,21.33,20.686171,4106800
7/23/2021,21.370001,21.74,21.370001,21.73,21.074097,4814800
7/26/2021,21.799999,21.82,21.57,21.709999,21.054699,4878400
7/27/2021,21.6,21.790001,21.549999,21.709999,21.054699,9226700
7/28/2021,21.860001,21.93,21.719999,21.85,21.190475,3593400
7/29/2021,21.870001,22.139999,21.870001,21.92,21.258362,5947800
7/30/2021,21.879999,22.129999,21.84,22.120001,21.452326,4464000
8/2/2021,22.290001,22.459999,22.209999,22.27,21.597797,5538200
8/3/2021,22.530001,22.93,22.530001,22.879999,22.189384,6607800
8/4/2021,22.690001,22.75,22.52,22.639999,21.956629,5665100
8/5/2021,22.74,22.790001,22.530001,22.58,21.898441,5253200
8/6/2021,22.469999,22.809999,22.43,22.809999,22.121498,4067000
8/9/2021,22.77,22.93,22.76,22.879999,22.189384,4917800
8/10/2021,22.969999,23.08,22.74,22.780001,22.092403,4794100
8/11/2021,22.84,22.99,22.82,22.99,22.296066,2829800
8/12/2021,23.1,23.450001,23.049999,23.32,22.616104,4147900
8/13/2021,23.389999,23.74,23.370001,23.629999,22.916746,3686500
8/16/2021,23.549999,23.610001,23.32,23.4,22.693689,3635400
8/17/2021,23.610001,23.75,23.389999,23.559999,22.848862,4824700
8/18/2021,23.51,23.870001,23.469999,23.48,22.771275,5935700
8/19/2021,23.309999,23.68,23.23,23.549999,22.839163,4911400
8/20/2021,23.6,23.91,23.57,23.879999,23.159201,3372800
8/23/2021,23.969999,24.139999,23.9,24.1,23.372562,4528000
8/24/2021,23.940001,24.030001,23.74,23.879999,23.159201,6427200
8/25/2021,23.889999,24.07,23.75,23.98,23.256184,4122800
8/26/2021,23.870001,23.889999,23.639999,23.66,22.945841,4142700
8/27/2021,23.75,23.889999,23.690001,23.73,23.013729,4616100
8/30/2021,23.719999,23.84,23.67,23.719999,23.004032,3412000
8/31/2021,23.92,24,23.799999,23.82,23.101013,5439400
9/1/2021,23.6,23.690001,23.5,23.549999,22.839163,9368800
9/2/2021,23.58,23.700001,23.41,23.700001,22.984634,6195300
9/3/2021,23.860001,24.08,23.790001,24.030001,23.304674,3781200
9/7/2021,23.98,24.07,23.4,23.43,22.722784,8424800
9/8/2021,23.34,23.41,23.120001,23.190001,22.49003,4351700
9/9/2021,23.27,23.280001,22.91,22.93,22.237877,8297800
9/10/2021,23.07,23.110001,22.940001,22.99,22.296066,4201300
9/13/2021,23.07,23.17,22.82,22.959999,22.266972,5872800
9/14/2021,23.040001,23.139999,22.959999,23.01,22.315462,3970300
9/15/2021,23.33,23.379999,23.209999,23.370001,22.664597,4835500
9/16/2021,23.35,23.35,22.969999,23.09,22.393047,6554000
9/17/2021,22.950001,22.99,22.719999,22.85,22.16029,8070400
9/20/2021,22.75,22.950001,22.57,22.76,22.073006,7148800
9/21/2021,23.129999,23.23,23.1,23.120001,22.422142,4785000
9/22/2021,23.120001,23.379999,23.07,23.27,22.567614,6613800
9/23/2021,23.68,23.790001,23.6,23.73,23.013729,5323800
9/24/2021,23.700001,23.799999,23.58,23.68,22.965239,5455200
9/27/2021,23.23,23.23,22.870001,22.9,22.208782,7458800
9/28/2021,22.49,22.5,22.07,22.09,21.423231,8522600
9/29/2021,22.34,22.58,22.200001,22.48,21.801458,9652300
9/30/2021,22.41,22.51,22.219999,22.25,21.578402,7337900
10/1/2021,22.34,22.4,22.059999,22.33,21.655985,7195200
10/4/2021,22.290001,22.35,22.030001,22.15,21.481419,8654400
10/5/2021,22.290001,22.780001,22.290001,22.75,22.063307,9498900
10/6/2021,22.32,22.5,22.15,22.450001,21.772366,7134600
10/7/2021,22.65,22.84,22.559999,22.77,22.082706,9589800
10/8/2021,22.91,23,21.73,21.93,21.268059,15739900
10/11/2021,22.030001,22.08,21.809999,21.82,21.161381,11872400
10/12/2021,22.049999,22.07,21.860001,21.879999,21.219568,14046800
10/13/2021,22.879999,22.99,22.52,22.65,21.966326,13099100
10/14/2021,22.68,22.74,22.23,22.709999,22.024515,11343900
10/15/2021,22.9,23.4,22.76,23.379999,22.674294,22295600
10/18/2021,23.58,23.790001,23.49,23.780001,23.062222,12618300
10/19/2021,24.049999,24.280001,23.940001,24.219999,23.488937,7759900
10/20/2021,23.93,24.190001,23.84,24.129999,23.401655,8434600
10/21/2021,23.51,23.559999,23.33,23.41,22.703388,6244600
10/22/2021,23.049999,23.219999,22.99,23.01,22.315462,7696800
10/25/2021,22.870001,22.98,22.73,22.93,22.237877,10860000
10/26/2021,22.9,22.9,22.59,22.690001,22.197767,5844600
10/27/2021,22.91,22.950001,22.549999,22.549999,22.060802,17484500
10/28/2021,22.610001,22.709999,22.48,22.559999,22.070585,6915000
10/29/2021,22.25,22.32,22.15,22.280001,21.796661,5688100
11/1/2021,22.540001,22.68,22.379999,22.469999,21.982538,4766500
11/2/2021,22.469999,22.690001,22.450001,22.66,22.168417,3786300
11/3/2021,22.639999,22.73,22.57,22.709999,22.217331,7089200
11/4/2021,22.809999,22.85,22.68,22.709999,22.217331,4077600
11/5/2021,22.92,22.92,22.709999,22.790001,22.295599,4723100
11/8/2021,23.209999,23.469999,23.209999,23.440001,22.931496,6848800
11/9/2021,23.33,23.379999,23.07,23.299999,22.794531,5532100
11/10/2021,23.139999,23.209999,22.950001,22.959999,22.461908,6060200
11/11/2021,23.030001,23.280001,23.030001,23.200001,22.696703,3639400
11/12/2021,23.59,23.700001,23.530001,23.700001,23.185856,5304700
11/15/2021,23.799999,23.860001,23.6,23.629999,23.117373,3667100
11/16/2021,23.75,24.09,23.700001,24.030001,23.508698,8389100
11/17/2021,23.879999,24.01,23.73,23.74,23.224989,5177900
11/18/2021,23.719999,23.74,23.530001,23.65,23.13694,6453500
11/19/2021,23.68,23.700001,23.530001,23.59,23.078241,3084000
11/22/2021,23.459999,23.559999,22.76,22.77,22.276031,12581200
11/23/2021,22.9,23.190001,22.73,22.889999,22.393427,8496200
11/24/2021,22.35,22.629999,22.299999,22.610001,22.119503,3992100
11/26/2021,22.309999,22.5,22.139999,22.200001,21.718397,3527600
11/29/2021,22.459999,22.65,22.32,22.620001,22.129286,9943000
11/30/2021,22.700001,23.08,22.52,22.58,22.090153,8744700
12/1/2021,22.85,22.870001,22.43,22.440001,21.95319,6696100
12/2/2021,22.940001,23.51,22.83,23.440001,22.931496,9337500
12/3/2021,23.120001,23.139999,22.700001,22.879999,22.383644,6754900
12/6/2021,22.360001,22.370001,21.889999,22.25,21.767311,6857200
12/7/2021,22.57,23.07,22.51,23.059999,22.559738,8397300
12/8/2021,23.200001,23.52,23.120001,23.440001,22.931496,5193700
12/9/2021,23.23,23.440001,23.219999,23.25,22.745617,4480800
12/10/2021,23.32,23.540001,23.059999,23.190001,22.68692,4001300
12/13/2021,23.040001,23.040001,22.58,22.610001,22.119503,4551600
12/14/2021,22.75,22.969999,22.610001,22.889999,22.393427,5253200
12/15/2021,22.75,23.280001,22.719999,23.26,22.7554,6836200
12/16/2021,23.809999,24.5,23.77,24.110001,23.586962,11307500
12/17/2021,23.92,24.27,23.870001,24.040001,23.51848,6517000
12/20/2021,23.83,23.870001,23.4,23.690001,23.176071,4031000
12/21/2021,23.98,24.25,23.84,24.219999,23.694574,3750300
12/22/2021,24.219999,24.540001,24.15,24.530001,23.99785,6968800
12/23/2021,24.690001,24.799999,24.5,24.73,24.19351,2488600
12/27/2021,24.860001,25.34,24.860001,25.33,24.780495,3527200
12/28/2021,25.360001,25.389999,25.18,25.299999,24.751144,3405800
12/29/2021,25.190001,25.379999,25.139999,25.379999,24.829409,2330400
12/30/2021,25.540001,25.6,25.389999,25.41,24.858757,2293900
12/31/2021,25.530001,25.559999,25.309999,25.309999,24.760927,3009700
1/3/2022,25.389999,25.540001,25.15,25.26,24.712013,4526700
1/4/2022,25.25,25.370001,24.98,25.110001,24.565268,8180900
1/5/2022,24.84,24.92,24.25,24.299999,23.772839,8881400
1/6/2022,24.200001,24.49,23.969999,24.110001,23.586962,11523300
1/7/2022,24.219999,24.370001,23.969999,24.200001,23.675009,6596500
1/10/2022,24.66,24.780001,24.43,24.77,24.232643,10032000
1/11/2022,24.879999,25.059999,24.66,25.02,24.477219,9883900
1/12/2022,26.15,26.389999,25.51,25.75,25.191383,15578800
1/13/2022,25.74,25.780001,25.469999,25.6,25.044636,20147500
1/14/2022,25.719999,26.290001,25.58,26.200001,25.631622,11294700
1/18/2022,25.709999,25.77,25.42,25.51,24.956591,6915000
1/19/2022,24.98,25.049999,24.450001,24.469999,23.93915,13756100
1/20/2022,24.33,24.379999,23.66,23.68,23.166288,19417500
1/21/2022,23.440001,23.77,23.360001,23.41,22.902147,13813600
1/24/2022,22.879999,22.969999,21.969999,22.940001,22.442343,18128000
1/25/2022,22.66,22.85,22.42,22.48,21.992321,9588100
1/26/2022,22.719999,22.84,22.17,22.389999,21.904274,11662800
1/27/2022,22.26,22.379999,21.719999,21.809999,21.336857,17086900
1/28/2022,22.15,22.700001,22.049999,22.66,22.168417,15420200
1/31/2022,23.07,23.610001,23.02,23.57,23.058676,5686800
2/1/2022,23.51,23.629999,23.24,23.52,23.00976,10309700
2/2/2022,23.73,23.85,23.6,23.77,23.254337,9033400
2/3/2022,23.08,23.26,22.73,22.76,22.266247,12135000
2/4/2022,22.969999,23.209999,22.66,22.889999,22.393427,18253100
2/7/2022,22.68,22.91,22.41,22.469999,21.982538,15889900
2/8/2022,22.459999,22.969999,22.370001,22.889999,22.393427,21190900
2/9/2022,23.17,23.459999,23.1,23.41,22.902147,7472800
2/10/2022,23.049999,23.27,22.870001,22.940001,22.442343,10600800
2/11/2022,22.719999,22.77,22.209999,22.27,21.786879,7761500
2/14/2022,22,22.26,21.889999,22.190001,21.708612,6502900
2/15/2022,22.780001,22.950001,22.65,22.889999,22.393427,9976200
2/16/2022,22.52,22.85,22.49,22.84,22.344513,6605000
2/17/2022,22.65,22.75,22.370001,22.43,21.943407,8470200
2/18/2022,22.530001,22.75,22.309999,22.51,22.021671,8932700
2/22/2022,22.629999,23.32,22.610001,23.049999,22.549955,17268300
2/23/2022,23.030001,23.24,22.66,22.719999,22.227114,8420000
2/24/2022,21.41,22.25,21.040001,22.24,21.757528,21155100
2/25/2022,22.24,22.870001,22.24,22.84,22.344513,8269300
2/28/2022,22.610001,22.780001,22.290001,22.459999,21.972755,6965700
3/1/2022,22.389999,22.5,22.040001,22.16,21.679262,6930300
3/2/2022,22.209999,22.780001,22.17,22.59,22.099936,8749500
3/3/2022,22.85,22.940001,22.43,22.52,22.031454,7023600
3/4/2022,22.280001,22.549999,22.15,22.459999,21.972755,13424500
3/7/2022,22.280001,22.58,22.190001,22.58,22.090153,14195100
3/8/2022,22.68,23.610001,22.540001,23.33,22.823881,20426800
3/9/2022,23.75,24.15,23.540001,23.9,23.381516,10599200
3/10/2022,23.540001,23.93,23.540001,23.84,23.322819,7789000
3/11/2022,24.190001,24.290001,23.950001,24.01,23.48913,7892800
3/14/2022,24.459999,25.040001,24.43,24.690001,24.154379,13945300
3/15/2022,24.16,24.309999,23.59,24.190001,23.665226,9186200
3/16/2022,24.469999,25.120001,24.4,25.110001,24.565268,12327300
3/17/2022,24.809999,25.049999,24.459999,24.49,23.958717,14814900
3/18/2022,24.389999,25.040001,24.209999,25.040001,24.496786,29035600
3/21/2022,24.4,24.559999,24.07,24.209999,23.68479,8200800
3/22/2022,24.610001,24.950001,24.58,24.790001,24.252209,5367300
3/23/2022,24.35,24.65,24.280001,24.309999,23.782621,9022300
3/24/2022,24.629999,24.690001,24.389999,24.67,24.134813,3594400
3/25/2022,24.6,24.75,24.51,24.73,24.19351,3365400
3/28/2022,24.73,24.77,24.52,24.719999,24.183727,2834400
3/29/2022,24.91,25.120001,24.809999,25.110001,24.565268,3817200
3/30/2022,24.82,25.17,24.82,24.969999,24.428303,6945500
3/31/2022,24.969999,25.209999,24.889999,24.889999,24.35004,7849500
4/1/2022,25.120001,25.129999,24.540001,24.610001,24.076115,14712000
4/4/2022,24.559999,24.74,24.540001,24.74,24.203293,12357900
4/5/2022,24.5,24.540001,24.27,24.379999,23.851103,6293000
4/6/2022,23.91,24.120001,23.74,23.969999,23.449997,12373700
4/7/2022,23.75,24,23.67,23.82,23.303251,8337400
4/8/2022,23.780001,23.9,23.639999,23.700001,23.185856,5583400
4/11/2022,23.27,23.450001,22.959999,23.049999,22.549955,6641500
4/12/2022,23.15,23.27,22.48,22.57,22.080368,11642600
4/13/2022,21.889999,21.9,20.92,21.190001,20.730307,20145500
4/14/2022,21.209999,21.24,20.42,20.459999,20.016142,17199800
4/18/2022,20.540001,20.719999,20.370001,20.559999,20.113974,11998300
4/19/2022,20.059999,20.459999,19.75,20.42,19.977011,16645300
4/20/2022,20.68,20.73,20.459999,20.57,20.123756,10019600
4/21/2022,20.85,20.93,20.629999,20.68,20.231373,21840600
4/22/2022,20.51,20.610001,20.120001,20.26,19.820482,11983400
4/25/2022,20.17,20.41,20.030001,20.41,19.967228,8778400
4/26/2022,20.25,20.379999,20.059999,20.120001,19.683521,13027100
4/27/2022,19.99,20.32,19.99,20.120001,19.683521,9754100
4/28/2022,20.41,20.66,20.35,20.5,20.055277,24229100
4/29/2022,20.24,20.299999,19.870001,19.870001,19.438944,12325100
5/2/2022,19.879999,20.219999,19.84,20.15,19.712868,15073900
5/3/2022,20.190001,20.290001,20.129999,20.219999,19.781349,7716800
5/4/2022,20.1,20.66,20.040001,20.610001,20.162889,7519400
5/5/2022,20.6,20.790001,20.110001,20.309999,19.869398,9577100
5/6/2022,19.959999,20,19.709999,19.85,19.419376,6615300
5/9/2022,20.040001,20.139999,19.76,19.82,19.390028,14538200
5/10/2022,20.02,20.120001,19.52,19.76,19.331329,18342600
5/11/2022,19.59,19.77,19.379999,19.41,18.988922,8503200
5/12/2022,19.16,19.65,19.120001,19.530001,19.106319,13434100
5/13/2022,19.299999,19.51,19.190001,19.450001,19.028055,14033500
5/16/2022,19.129999,19.18,18.9,18.940001,18.529118,11057600
5/17/2022,19.42,19.620001,19.4,19.610001,19.184584,7184600
5/18/2022,19.32,19.389999,18.76,18.780001,18.372591,10672000
5/19/2022,18.360001,18.83,18.219999,18.629999,18.225843,9392800
5/20/2022,18.82,18.83,18.389999,18.700001,18.294325,6019100
5/23/2022,18.790001,18.93,18.639999,18.889999,18.480202,7451600
5/24/2022,18.49,18.57,18.25,18.4,18.000834,9904800
5/25/2022,18.1,18.27,17.9,18.139999,17.746471,19046500
5/26/2022,18.219999,18.559999,18.139999,18.450001,18.049749,9116900
5/27/2022,18.799999,19.040001,18.75,19,18.587816,14402900
5/31/2022,19.040001,19.139999,18.67,18.860001,18.657063,14970000
6/1/2022,18.92,19.15,18.85,19.030001,18.825233,11631300
6/2/2022,19.25,19.52,19.25,19.51,19.30007,9397700
6/3/2022,19.4,19.6,19.34,19.379999,19.171467,9036000
6/6/2022,19.52,19.639999,19.389999,19.43,19.22093,3917300
6/7/2022,19.15,19.389999,19.040001,19.379999,19.171467,11026400
6/8/2022,19.290001,19.309999,19.15,19.16,18.953835,3191500
6/9/2022,19.17,19.290001,18.879999,18.879999,18.676847,5958200
6/10/2022,18.620001,18.620001,18.200001,18.33,18.132765,8787000
6/13/2022,17.9,18.040001,17.76,17.85,17.65793,9535700
6/14/2022,18.01,18.309999,18,18.24,18.043734,11567800
6/15/2022,18.059999,18.33,17.9,18.290001,18.093197,16537200
6/16/2022,17.76,17.790001,17.6,17.67,17.479868,5810400
6/17/2022,17.52,17.950001,17.52,17.76,17.568899,13242000
6/21/2022,18.52,18.950001,18.459999,18.77,18.568031,14786000
6/22/2022,18.35,18.48,18.190001,18.32,18.122873,12715900
6/23/2022,18.450001,18.549999,18.290001,18.440001,18.241583,12097800
6/24/2022,18.370001,18.700001,18.309999,18.67,18.469107,6561500
6/27/2022,18.76,18.780001,18.57,18.76,18.55814,8163800
6/28/2022,18.76,18.84,18.440001,18.459999,18.261366,5168800
6/29/2022,18.370001,18.67,18.280001,18.610001,18.409754,5126600
6/30/2022,18.4,18.57,18.34,18.51,18.310829,10376700
7/1/2022,18.6,18.91,18.5,18.85,18.647171,9066900
7/5/2022,18.51,18.690001,18.360001,18.67,18.469107,10265200
7/6/2022,18.700001,19.02,18.700001,18.93,18.726311,8860200
7/7/2022,18.99,19.18,18.9,19.16,18.953835,9675500
7/8/2022,19.049999,19.16,18.76,19.059999,18.85491,15835100
7/11/2022,18.5,18.59,18.23,18.459999,18.261366,7908800
7/12/2022,18.190001,18.370001,18.110001,18.209999,18.014055,12463200
7/13/2022,18.040001,18.27,17.98,18.110001,17.915134,8601800
7/14/2022,17.799999,17.950001,17.629999,17.9,17.707392,6778800
7/15/2022,18.120001,18.209999,17.950001,18.17,17.974487,4846900
7/18/2022,18.58,18.74,18.389999,18.440001,18.241583,7496500
7/19/2022,18.6,18.780001,18.540001,18.709999,18.508677,5046400
7/20/2022,18.780001,18.860001,18.610001,18.719999,18.518568,13431500
7/21/2022,19.1,19.280001,18.950001,19.209999,19.003296,15563600
7/22/2022,18.889999,19.059999,18.799999,18.879999,18.676847,9935200
7/25/2022,18.700001,18.74,18.25,18.559999,18.360291,15146700
7/26/2022,18.09,18.09,17.84,17.91,17.717285,13040200
7/27/2022,18.24,18.790001,18.200001,18.709999,18.508677,9772700
7/28/2022,18.860001,19.17,18.77,19.15,18.943941,9660300
7/29/2022,19.370001,19.6,19.32,19.49,19.280283,7222000
8/1/2022,19.360001,19.620001,19.35,19.620001,19.408886,8471600
8/2/2022,19.48,19.620001,19.440001,19.49,19.280283,6613000
8/3/2022,19.76,20.1,19.719999,20.1,19.88372,7339100
8/4/2022,20.17,20.27,20.08,20.15,19.933182,8486500
8/5/2022,20.1,20.309999,20.02,20.309999,20.091459,5790000
8/8/2022,20.309999,20.379999,20.200001,20.27,20.051891,9722500
8/9/2022,20.18,20.26,20.129999,20.18,19.96286,5140100
8/10/2022,20.450001,20.6,20.309999,20.379999,20.160707,5828100
8/11/2022,20.290001,20.42,20.1,20.15,19.933182,7446900
8/12/2022,20.049999,20.139999,19.950001,20.110001,19.893614,4842800
8/15/2022,20.02,20.15,20.02,20.110001,19.893614,2987500
8/16/2022,20.049999,20.16,19.99,20.15,19.933182,7513200
8/17/2022,20.08,20.18,19.9,20.09,19.873829,10568900
8/18/2022,19.889999,20.049999,19.889999,19.969999,19.755117,5370900
8/19/2022,20.040001,20.040001,19.75,19.780001,19.567163,2868500
8/22/2022,19.48,19.620001,19.450001,19.52,19.309961,9260400
8/23/2022,19.42,19.450001,19.25,19.25,19.042866,6669000
8/24/2022,19.24,19.389999,19.200001,19.25,19.042866,5528700
8/25/2022,19.129999,19.200001,19.02,19.18,18.973619,3818500
8/26/2022,19.16,19.209999,18.620001,18.639999,18.43943,5710800
8/29/2022,18.370001,18.469999,18.27,18.389999,18.19212,5544000
8/30/2022,18.780001,18.780001,18.360001,18.43,18.231689,6267500
8/31/2022,18.48,18.549999,18.299999,18.299999,18.103088,7419500
9/1/2022,18.33,18.42,18.190001,18.42,18.221798,4480300
9/2/2022,18.299999,18.440001,18,18.09,17.895348,5248800
9/6/2022,18.139999,18.219999,17.93,17.98,17.786531,7158700
9/7/2022,18.139999,18.450001,18.110001,18.43,18.231689,4769300
9/8/2022,18.35,18.530001,18.280001,18.530001,18.330614,3936900
9/9/2022,18.77,19.1,18.75,19.059999,18.85491,5513600
9/12/2022,19.23,19.41,19.190001,19.24,19.032974,3607400
9/13/2022,18.76,18.9,18.49,18.559999,18.360291,15227800
9/14/2022,18.370001,18.440001,17.969999,18.08,17.885456,16757300
9/15/2022,17.700001,17.809999,17.51,17.790001,17.598577,21950100
9/16/2022,17.200001,17.459999,17.09,17.379999,17.192987,42686600
9/19/2022,17.41,17.52,17.290001,17.41,17.222666,15219300
9/20/2022,17.26,17.309999,16.950001,17.02,16.836863,18634300
9/21/2022,17.09,17.290001,17,17.02,16.836863,10736000
9/22/2022,16.9,16.98,16.6,16.68,16.500521,17899000
9/23/2022,16.58,16.709999,16.389999,16.610001,16.431274,18057100
9/26/2022,16.73,16.93,16.639999,16.690001,16.510412,10331500
9/27/2022,16.9,17.040001,16.68,16.790001,16.609337,12443100
9/28/2022,16.860001,17.200001,16.790001,17.110001,16.925894,8791800
9/29/2022,16.84,16.9,16.700001,16.9,16.718153,6037800
9/30/2022,17.1,17.23,16.969999,16.969999,16.787399,6245800
10/3/2022,16.870001,17.17,16.82,17.049999,16.866537,9703100
10/4/2022,17.379999,17.709999,17.309999,17.700001,17.509546,8648900
10/5/2022,17.549999,17.75,17.4,17.639999,17.45019,6090900
10/6/2022,17.66,17.73,17.469999,17.48,17.291912,10827300
10/7/2022,17.33,17.379999,17,17.059999,16.876431,14041700
10/10/2022,17.559999,17.690001,17.33,17.559999,17.37105,23349600
10/11/2022,17.030001,17.27,16.99,17.129999,16.945677,12839500
10/12/2022,17.139999,17.309999,17.030001,17.1,16.916,11642700
10/13/2022,17,18.23,16.91,18.049999,17.855778,16478500
10/14/2022,17.93,18.200001,17.790001,17.809999,17.618361,13607400
10/17/2022,18.120001,18.379999,18.110001,18.16,17.964594,9800800
10/18/2022,18.25,18.379999,17.889999,18.07,17.875563,7630100
10/19/2022,17.85,17.98,17.73,17.83,17.638145,6284000
10/20/2022,18.030001,18.23,17.860001,17.889999,17.6975,8674600
10/21/2022,17.93,18.360001,17.860001,18.299999,18.103088,7393300
10/24/2022,18.290001,18.540001,18.219999,18.440001,18.241583,9595200
10/25/2022,18.5,18.68,18.48,18.620001,18.419645,5701200
10/26/2022,18.6,18.879999,18.549999,18.68,18.479,7555000
10/27/2022,18.48,18.629999,18.41,18.51,18.51,7597000
10/28/2022,18.41,18.809999,18.370001,18.790001,18.790001,8698000
10/31/2022,18.66,18.83,18.610001,18.73,18.73,8585500
11/1/2022,19.190001,19.219999,18.84,18.91,18.91,5474700
11/2/2022,18.709999,18.879999,18.41,18.41,18.41,6370600
11/3/2022,18.200001,18.27,18.08,18.190001,18.190001,11328700
11/4/2022,18.27,18.459999,18.1,18.33,18.33,10899800
11/7/2022,18.25,18.66,18.25,18.58,18.58,6280400
11/8/2022,18.700001,18.950001,18.620001,18.74,18.74,6187600
11/9/2022,18.51,18.75,18.469999,18.48,18.48,10196200
11/10/2022,19.09,19.290001,18.92,19.200001,19.200001,9282800
11/11/2022,19.51,19.790001,19.360001,19.75,19.75,6249900
11/14/2022,19.620001,19.799999,19.549999,19.549999,19.549999,5670300
11/15/2022,19.98,20.059999,19.74,19.76,19.76,5136400
11/16/2022,19.65,19.82,19.610001,19.690001,19.690001,4740800
11/17/2022,19.389999,19.540001,19.34,19.48,19.48,4115500
11/18/2022,19.68,19.68,19.360001,19.469999,19.469999,2744300
11/21/2022,19.26,19.34,19.24,19.299999,19.299999,7430300
11/22/2022,19.280001,19.41,19.26,19.370001,19.370001,4605400
11/23/2022,19.309999,19.549999,19.299999,19.530001,19.530001,3328100
11/25/2022,19.83,20.02,19.780001,19.92,19.92,3161100
11/28/2022,19.9,19.959999,19.610001,19.629999,19.629999,4043200
11/29/2022,19.719999,19.889999,19.67,19.709999,19.709999,5516500
11/30/2022,19.84,20.360001,19.77,20.35,20.35,6994600
12/1/2022,20.4,20.57,20.25,20.51,20.51,5586800
12/2/2022,20.1,20.290001,19.860001,20.190001,20.190001,5674600
12/5/2022,20.040001,20.15,19.59,19.75,19.75,7650000
12/6/2022,19.49,19.58,19.18,19.41,19.41,11673400
12/7/2022,19.35,19.43,19.23,19.389999,19.389999,8087400
12/8/2022,19.540001,19.82,19.49,19.58,19.58,6872000
12/9/2022,18.92,19.02,18.41,18.49,18.49,12510700
12/12/2022,18.49,18.530001,18.360001,18.41,18.41,6741000
12/13/2022,19.01,19.15,18.629999,18.73,18.73,13184600
12/14/2022,18.75,18.969999,18.6,18.719999,18.719999,7721700
12/15/2022,18.33,18.360001,18.01,18.17,18.17,6568600
12/16/2022,18.110001,18.219999,17.690001,17.73,17.73,15368300
12/19/2022,17.860001,17.99,17.790001,17.879999,17.879999,10765900
12/20/2022,17.950001,18.209999,17.9,18.059999,18.059999,6483900
12/21/2022,18.02,18.27,18.02,18.219999,18.219999,4228200
12/22/2022,18.040001,18.08,17.73,17.93,17.93,7911000
12/23/2022,17.82,17.950001,17.73,17.92,17.92,3685100
12/27/2022,18.01,18.09,17.84,18.030001,18.030001,4943200
12/28/2022,18.049999,18.190001,17.92,17.959999,17.959999,5872100
12/29/2022,18.09,18.379999,18.09,18.24,18.24,4971600
12/30/2022,18.09,18.18,17.85,18.01,18.01,4468300
1/3/2023,18.18,18.35,18.059999,18.23,18.23,11041400
1/4/2023,17.940001,18.17,17.860001,18.1,18.1,10440400
1/5/2023,17.809999,17.870001,17.68,17.68,17.68,6420300
1/6/2023,17.530001,17.84,17.469999,17.809999,17.809999,8915600
1/9/2023,18.09,18.24,17.99,18,18,10778100
1/10/2023,17.93,17.940001,17.690001,17.83,17.83,9517600
1/11/2023,17.82,18.15,17.74,18.120001,18.120001,9032200
1/12/2023,18.52,18.610001,18.059999,18.4,18.4,10853600
1/13/2023,18.389999,18.58,18.24,18.52,18.52,10388700
1/17/2023,18.620001,18.879999,18.620001,18.67,18.67,7344100
1/18/2023,18.82,18.99,18.75,18.75,18.75,6338300
1/19/2023,18.780001,18.92,18.75,18.809999,18.809999,4594600
1/20/2023,18.68,18.83,18.59,18.780001,18.780001,6126200
1/23/2023,18.91,19.110001,18.82,19.049999,19.049999,4319100
1/24/2023,18.969999,19,18.84,18.9,18.9,7045800
1/25/2023,18.73,18.74,18.540001,18.620001,18.620001,8245400
1/26/2023,18.690001,18.959999,18.59,18.940001,18.940001,6245500
1/27/2023,18.620001,18.76,18.5,18.66,18.66,5411100
1/30/2023,18.719999,18.879999,18.65,18.690001,18.690001,8848300
1/31/2023,18.620001,18.799999,18.540001,18.799999,18.799999,7983100
2/1/2023,18.879999,19.139999,18.77,19.02,19.02,7845700
2/2/2023,19.4,19.540001,19.280001,19.51,19.51,10416900
2/3/2023,19.299999,19.49,19.200001,19.280001,19.280001,5482200
2/6/2023,18.91,18.99,18.75,18.82,18.82,7774000
2/7/2023,18.68,19.07,18.68,19.030001,19.030001,6590600
2/8/2023,19.25,19.34,19.129999,19.16,19.16,5737300
2/9/2023,19.52,19.59,19.299999,19.34,19.34,4725100
2/10/2023,19.290001,19.379999,19.030001,19.16,19.16,11739400
2/13/2023,18.889999,19.049999,18.860001,19.02,19.02,5610000
2/14/2023,19.059999,19.24,18.950001,19.120001,19.120001,6225500
2/15/2023,19.120001,19.27,19.08,19.23,19.23,8592700
2/16/2023,19.110001,19.290001,19.07,19.120001,19.120001,6542000
2/17/2023,19.01,19.120001,18.950001,19.08,19.08,5695200
2/21/2023,18.809999,19.01,18.780001,18.790001,18.790001,11326500
2/22/2023,18.700001,18.76,18.59,18.620001,18.620001,7887000
2/23/2023,18.629999,18.780001,18.540001,18.700001,18.700001,7433600
2/24/2023,18.469999,18.5,18.26,18.33,18.33,11821700
2/27/2023,18.190001,18.280001,18.110001,18.16,18.16,6270100
2/28/2023,18,18.049999,17.93,17.940001,17.940001,7969800
3/1/2023,18.09,18.110001,17.889999,18.02,18.02,4293700
3/2/2023,17.84,18.09,17.790001,18.09,18.09,6263000
3/3/2023,18.139999,18.18,17.92,18.18,18.18,6765200
3/6/2023,18.34,18.34,18.219999,18.26,18.26,7383700
3/7/2023,18.25,18.32,18.120001,18.219999,18.219999,5435600
3/8/2023,18.23,18.23,18.07,18.16,18.16,4737800
3/9/2023,17.969999,18.09,17.719999,17.719999,17.719999,6733900
3/10/2023,17.780001,17.950001,17.629999,17.68,17.68,6763900
3/13/2023,17.25,17.51,16.969999,17.27,17.27,13321500
3/14/2023,17.209999,17.469999,17.200001,17.33,17.33,7397600
3/15/2023,16.889999,17.01,16.74,16.93,16.93,14925800
3/16/2023,16.77,17.200001,16.77,17.190001,17.190001,7402800
3/17/2023,17.07,17.120001,16.860001,16.889999,16.889999,15611100
3/20/2023,16.9,17.040001,16.84,16.93,16.93,9583200
3/21/2023,16.84,16.91,16.68,16.889999,16.889999,13141400
3/22/2023,16.77,16.91,16.59,16.6,16.6,8451200
3/23/2023,16.860001,17.059999,16.66,16.940001,16.940001,14192500
3/24/2023,16.75,16.809999,16.65,16.799999,16.799999,6230000
3/27/2023,16.9,17.040001,16.83,17.02,17.02,11983600
3/28/2023,16.82,16.91,16.68,16.77,16.77,9638200
3/29/2023,16.83,16.98,16.809999,16.959999,16.959999,7848700
3/30/2023,17.110001,17.139999,17.02,17.139999,17.139999,6290700
3/31/2023,17.43,17.459999,17.25,17.440001,17.440001,8384400
4/3/2023,17.209999,17.440001,17.209999,17.42,17.42,8446400
4/4/2023,17.43,17.459999,17.34,17.370001,17.370001,7522300
4/5/2023,17.389999,17.440001,17.24,17.33,17.33,5559700
4/6/2023,17.299999,17.370001,17.15,17.25,17.25,6830800
4/10/2023,17.360001,17.4,17.200001,17.389999,17.389999,9204200
4/11/2023,17.23,17.450001,17.18,17.450001,17.450001,11708400
4/12/2023,17.709999,17.799999,17.01,17.07,17.07,16959200
4/13/2023,15.87,15.97,15.33,15.4,15.4,40415000
4/14/2023,15.45,15.55,15.06,15.18,15.18,26021700
4/17/2023,15.07,15.29,15.05,15.19,15.19,17173000
4/18/2023,15.17,15.19,14.94,14.96,14.96,20768400
4/19/2023,14.83,14.92,14.76,14.82,14.82,19107300
4/20/2023,14.82,14.99,14.79,14.85,14.85,16901400
4/21/2023,14.91,14.96,14.84,14.87,14.87,6908400
